{
  "description": ["Cross-tabulation between 縣市 and 補助項目"],
  "operations": ["count(), pivot_wider()"],
  "summary": [
    {
      "縣市": "南投縣",
      "E": 40,
      "G": 6,
      "H": 23,
      "L": 3404,
      "M": 48,
      "VD": 29,
      "Y": 2,
      "a": 312,
      "b": 3938,
      "c": 4258,
      "d": 4404,
      "h": 971,
      "i": 110,
      "n": 1248,
      "o": 86,
      "o1": 6,
      "o2": 40,
      "ob": 59,
      "od": 15,
      "oh": 14,
      "p": 6,
      "p1": 7,
      "pb": 5,
      "r": 18,
      "s": 1874,
      "wb": 4,
      "y": 1554,
      "z": 218,
      "Gp": 0,
      "wd": 0,
      "wi": 0,
      "wp": 0,
      "x": 0,
      "VG": 0,
      "kp": 0,
      "m0": 0,
      "m1": 0,
      "pd": 0,
      "t": 0,
      "wf": 0,
      "kD": 0,
      "ph": 0,
      "wg": 0,
      "VF": 0,
      "wh": 0,
      "wo": 0,
      "wu": 0,
      "wv": 0,
      "wn": 0,
      "VE": 0,
      "p2": 0,
      "wj": 0,
      "F": 0,
      "op": 0
    },
    {
      "縣市": "嘉義市",
      "E": 20,
      "G": 1,
      "H": 30,
      "L": 289,
      "M": 0,
      "VD": 0,
      "Y": 2,
      "a": 24,
      "b": 360,
      "c": 360,
      "d": 360,
      "h": 274,
      "i": 73,
      "n": 96,
      "o": 43,
      "o1": 1,
      "o2": 32,
      "ob": 7,
      "od": 25,
      "oh": 6,
      "p": 1,
      "p1": 0,
      "pb": 0,
      "r": 0,
      "s": 197,
      "wb": 0,
      "y": 218,
      "z": 118,
      "Gp": 9,
      "wd": 2,
      "wi": 48,
      "wp": 14,
      "x": 12,
      "VG": 0,
      "kp": 0,
      "m0": 0,
      "m1": 0,
      "pd": 0,
      "t": 0,
      "wf": 0,
      "kD": 0,
      "ph": 0,
      "wg": 0,
      "VF": 0,
      "wh": 0,
      "wo": 0,
      "wu": 0,
      "wv": 0,
      "wn": 0,
      "VE": 0,
      "p2": 0,
      "wj": 0,
      "F": 0,
      "op": 0
    },
    {
      "縣市": "嘉義縣",
      "E": 51,
      "G": 4,
      "H": 51,
      "L": 4215,
      "M": 4,
      "VD": 0,
      "Y": 0,
      "a": 432,
      "b": 5468,
      "c": 5705,
      "d": 5986,
      "h": 879,
      "i": 59,
      "n": 1679,
      "o": 67,
      "o1": 24,
      "o2": 47,
      "ob": 22,
      "od": 67,
      "oh": 7,
      "p": 0,
      "p1": 0,
      "pb": 0,
      "r": 0,
      "s": 1634,
      "wb": 2,
      "y": 1894,
      "z": 207,
      "Gp": 4,
      "wd": 0,
      "wi": 4,
      "wp": 0,
      "x": 0,
      "VG": 3,
      "kp": 1,
      "m0": 1,
      "m1": 2,
      "pd": 2,
      "t": 11,
      "wf": 1,
      "kD": 0,
      "ph": 0,
      "wg": 0,
      "VF": 0,
      "wh": 0,
      "wo": 0,
      "wu": 0,
      "wv": 0,
      "wn": 0,
      "VE": 0,
      "p2": 0,
      "wj": 0,
      "F": 0,
      "op": 0
    },
    {
      "縣市": "基隆市",
      "E": 64,
      "G": 3,
      "H": 15,
      "L": 1992,
      "M": 73,
      "VD": 0,
      "Y": 0,
      "a": 168,
      "b": 2411,
      "c": 2397,
      "d": 2515,
      "h": 1322,
      "i": 172,
      "n": 672,
      "o": 188,
      "o1": 336,
      "o2": 147,
      "ob": 3,
      "od": 9,
      "oh": 18,
      "p": 2,
      "p1": 644,
      "pb": 0,
      "r": 0,
      "s": 1326,
      "wb": 0,
      "y": 1429,
      "z": 315,
      "Gp": 0,
      "wd": 0,
      "wi": 0,
      "wp": 0,
      "x": 0,
      "VG": 0,
      "kp": 0,
      "m0": 0,
      "m1": 0,
      "pd": 0,
      "t": 0,
      "wf": 0,
      "kD": 0,
      "ph": 0,
      "wg": 0,
      "VF": 0,
      "wh": 0,
      "wo": 0,
      "wu": 0,
      "wv": 0,
      "wn": 0,
      "VE": 0,
      "p2": 0,
      "wj": 0,
      "F": 0,
      "op": 0
    },
    {
      "縣市": "宜蘭縣",
      "E": 28,
      "G": 4,
      "H": 18,
      "L": 3151,
      "M": 232,
      "VD": 0,
      "Y": 14,
      "a": 288,
      "b": 3924,
      "c": 3969,
      "d": 4129,
      "h": 1120,
      "i": 171,
      "n": 1152,
      "o": 183,
      "o1": 20,
      "o2": 110,
      "ob": 9,
      "od": 7,
      "oh": 15,
      "p": 14,
      "p1": 24,
      "pb": 0,
      "r": 0,
      "s": 2069,
      "wb": 1,
      "y": 1638,
      "z": 328,
      "Gp": 0,
      "wd": 0,
      "wi": 0,
      "wp": 0,
      "x": 0,
      "VG": 12,
      "kp": 2,
      "m0": 0,
      "m1": 0,
      "pd": 0,
      "t": 20,
      "wf": 1,
      "kD": 1,
      "ph": 1,
      "wg": 335,
      "VF": 0,
      "wh": 0,
      "wo": 0,
      "wu": 0,
      "wv": 0,
      "wn": 0,
      "VE": 0,
      "p2": 0,
      "wj": 0,
      "F": 0,
      "op": 0
    },
    {
      "縣市": "屏東縣",
      "E": 185,
      "G": 131,
      "H": 342,
      "L": 8757,
      "M": 358,
      "VD": 0,
      "Y": 9,
      "a": 792,
      "b": 9600,
      "c": 9766,
      "d": 10161,
      "h": 1918,
      "i": 153,
      "n": 3166,
      "o": 53,
      "o1": 1,
      "o2": 76,
      "ob": 29,
      "od": 45,
      "oh": 19,
      "p": 0,
      "p1": 0,
      "pb": 4,
      "r": 0,
      "s": 4637,
      "wb": 0,
      "y": 3302,
      "z": 323,
      "Gp": 0,
      "wd": 0,
      "wi": 0,
      "wp": 1,
      "x": 0,
      "VG": 4,
      "kp": 0,
      "m0": 0,
      "m1": 2,
      "pd": 2,
      "t": 58,
      "wf": 1,
      "kD": 0,
      "ph": 4,
      "wg": 0,
      "VF": 30,
      "wh": 1,
      "wo": 1,
      "wu": 1,
      "wv": 1,
      "wn": 0,
      "VE": 0,
      "p2": 0,
      "wj": 0,
      "F": 0,
      "op": 0
    },
    {
      "縣市": "彰化縣",
      "E": 69,
      "G": 10,
      "H": 48,
      "L": 6888,
      "M": 135,
      "VD": 0,
      "Y": 9,
      "a": 624,
      "b": 8659,
      "c": 8572,
      "d": 9145,
      "h": 3524,
      "i": 348,
      "n": 2496,
      "o": 159,
      "o1": 7,
      "o2": 64,
      "ob": 43,
      "od": 21,
      "oh": 17,
      "p": 1,
      "p1": 0,
      "pb": 0,
      "r": 0,
      "s": 2536,
      "wb": 1,
      "y": 4459,
      "z": 834,
      "Gp": 0,
      "wd": 0,
      "wi": 0,
      "wp": 2,
      "x": 13,
      "VG": 0,
      "kp": 6,
      "m0": 1,
      "m1": 3,
      "pd": 0,
      "t": 19,
      "wf": 0,
      "kD": 2,
      "ph": 0,
      "wg": 0,
      "VF": 0,
      "wh": 0,
      "wo": 0,
      "wu": 0,
      "wv": 0,
      "wn": 624,
      "VE": 0,
      "p2": 0,
      "wj": 0,
      "F": 0,
      "op": 0
    },
    {
      "縣市": "新北市",
      "E": 367,
      "G": 64,
      "H": 250,
      "L": 6863,
      "M": 206,
      "VD": 0,
      "Y": 43,
      "a": 696,
      "b": 9363,
      "c": 9447,
      "d": 10084,
      "h": 5771,
      "i": 1493,
      "n": 2500,
      "o": 880,
      "o1": 299,
      "o2": 1392,
      "ob": 97,
      "od": 156,
      "oh": 229,
      "p": 34,
      "p1": 33,
      "pb": 1,
      "r": 99,
      "s": 4556,
      "wb": 4,
      "y": 5057,
      "z": 1960,
      "Gp": 9,
      "wd": 1,
      "wi": 0,
      "wp": 20,
      "x": 0,
      "VG": 368,
      "kp": 1,
      "m0": 2,
      "m1": 2,
      "pd": 3,
      "t": 88,
      "wf": 707,
      "kD": 15,
      "ph": 17,
      "wg": 1,
      "VF": 0,
      "wh": 7,
      "wo": 0,
      "wu": 0,
      "wv": 0,
      "wn": 1,
      "VE": 1,
      "p2": 672,
      "wj": 0,
      "F": 0,
      "op": 0
    },
    {
      "縣市": "新竹市",
      "E": 33,
      "G": 4,
      "H": 19,
      "L": 272,
      "M": 21,
      "VD": 0,
      "Y": 3,
      "a": 24,
      "b": 360,
      "c": 360,
      "d": 360,
      "h": 331,
      "i": 131,
      "n": 96,
      "o": 40,
      "o1": 10,
      "o2": 17,
      "ob": 9,
      "od": 8,
      "oh": 9,
      "p": 0,
      "p1": 0,
      "pb": 1,
      "r": 0,
      "s": 197,
      "wb": 0,
      "y": 227,
      "z": 143,
      "Gp": 0,
      "wd": 0,
      "wi": 0,
      "wp": 0,
      "x": 0,
      "VG": 4,
      "kp": 0,
      "m0": 0,
      "m1": 0,
      "pd": 0,
      "t": 6,
      "wf": 1,
      "kD": 0,
      "ph": 0,
      "wg": 0,
      "VF": 0,
      "wh": 0,
      "wo": 48,
      "wu": 0,
      "wv": 0,
      "wn": 0,
      "VE": 0,
      "p2": 0,
      "wj": 3,
      "F": 0,
      "op": 0
    },
    {
      "縣市": "新竹縣",
      "E": 68,
      "G": 5,
      "H": 20,
      "L": 2985,
      "M": 84,
      "VD": 0,
      "Y": 2,
      "a": 312,
      "b": 3989,
      "c": 4079,
      "d": 4225,
      "h": 1849,
      "i": 252,
      "n": 1141,
      "o": 117,
      "o1": 12,
      "o2": 61,
      "ob": 10,
      "od": 15,
      "oh": 67,
      "p": 2,
      "p1": 0,
      "pb": 0,
      "r": 15,
      "s": 2066,
      "wb": 7,
      "y": 1967,
      "z": 431,
      "Gp": 0,
      "wd": 0,
      "wi": 0,
      "wp": 0,
      "x": 0,
      "VG": 0,
      "kp": 0,
      "m0": 0,
      "m1": 0,
      "pd": 0,
      "t": 23,
      "wf": 0,
      "kD": 0,
      "ph": 4,
      "wg": 0,
      "VF": 0,
      "wh": 1,
      "wo": 0,
      "wu": 0,
      "wv": 0,
      "wn": 0,
      "VE": 0,
      "p2": 0,
      "wj": 364,
      "F": 0,
      "op": 0
    },
    {
      "縣市": "桃園市",
      "E": 390,
      "G": 41,
      "H": 154,
      "L": 3395,
      "M": 253,
      "VD": 0,
      "Y": 26,
      "a": 312,
      "b": 4594,
      "c": 4571,
      "d": 4622,
      "h": 3426,
      "i": 843,
      "n": 1248,
      "o": 414,
      "o1": 116,
      "o2": 370,
      "ob": 65,
      "od": 101,
      "oh": 636,
      "p": 1,
      "p1": 12,
      "pb": 1,
      "r": 12,
      "s": 2584,
      "wb": 13,
      "y": 2628,
      "z": 1166,
      "Gp": 7,
      "wd": 1,
      "wi": 0,
      "wp": 14,
      "x": 0,
      "VG": 100,
      "kp": 2,
      "m0": 2,
      "m1": 0,
      "pd": 0,
      "t": 79,
      "wf": 21,
      "kD": 1,
      "ph": 668,
      "wg": 0,
      "VF": 0,
      "wh": 312,
      "wo": 0,
      "wu": 2,
      "wv": 0,
      "wn": 3,
      "VE": 0,
      "p2": 6,
      "wj": 0,
      "F": 0,
      "op": 0
    },
    {
      "縣市": "澎湖縣",
      "E": 288,
      "G": 13,
      "H": 122,
      "L": 1167,
      "M": 14,
      "VD": 0,
      "Y": 288,
      "a": 144,
      "b": 1549,
      "c": 1383,
      "d": 1497,
      "h": 210,
      "i": 8,
      "n": 391,
      "o": 14,
      "o1": 12,
      "o2": 12,
      "ob": 6,
      "od": 29,
      "oh": 3,
      "p": 0,
      "p1": 1,
      "pb": 0,
      "r": 0,
      "s": 261,
      "wb": 0,
      "y": 440,
      "z": 39,
      "Gp": 0,
      "wd": 0,
      "wi": 0,
      "wp": 0,
      "x": 1,
      "VG": 0,
      "kp": 0,
      "m0": 0,
      "m1": 0,
      "pd": 0,
      "t": 0,
      "wf": 0,
      "kD": 0,
      "ph": 0,
      "wg": 0,
      "VF": 0,
      "wh": 0,
      "wo": 0,
      "wu": 0,
      "wv": 0,
      "wn": 0,
      "VE": 0,
      "p2": 0,
      "wj": 0,
      "F": 1026,
      "op": 0
    },
    {
      "縣市": "臺中市",
      "E": 431,
      "G": 37,
      "H": 193,
      "L": 7851,
      "M": 252,
      "VD": 0,
      "Y": 31,
      "a": 696,
      "b": 9938,
      "c": 10088,
      "d": 10301,
      "h": 6226,
      "i": 943,
      "n": 2777,
      "o": 376,
      "o1": 79,
      "o2": 305,
      "ob": 1392,
      "od": 141,
      "oh": 59,
      "p": 4,
      "p1": 0,
      "pb": 2460,
      "r": 34,
      "s": 5101,
      "wb": 1028,
      "y": 5668,
      "z": 1658,
      "Gp": 9,
      "wd": 0,
      "wi": 0,
      "wp": 24,
      "x": 13,
      "VG": 4,
      "kp": 13,
      "m0": 3,
      "m1": 0,
      "pd": 0,
      "t": 58,
      "wf": 11,
      "kD": 2,
      "ph": 1,
      "wg": 0,
      "VF": 0,
      "wh": 2,
      "wo": 0,
      "wu": 0,
      "wv": 0,
      "wn": 19,
      "VE": 0,
      "p2": 0,
      "wj": 0,
      "F": 1,
      "op": 0
    },
    {
      "縣市": "臺北市",
      "E": 381,
      "G": 15,
      "H": 165,
      "L": 3871,
      "M": 268,
      "VD": 0,
      "Y": 15,
      "a": 288,
      "b": 4304,
      "c": 4310,
      "d": 4320,
      "h": 3448,
      "i": 788,
      "n": 1152,
      "o": 576,
      "o1": 151,
      "o2": 524,
      "ob": 67,
      "od": 123,
      "oh": 149,
      "p": 1152,
      "p1": 0,
      "pb": 0,
      "r": 64,
      "s": 2305,
      "wb": 1,
      "y": 2619,
      "z": 1296,
      "Gp": 7,
      "wd": 1,
      "wi": 0,
      "wp": 2,
      "x": 22,
      "VG": 16,
      "kp": 5,
      "m0": 3,
      "m1": 0,
      "pd": 1,
      "t": 31,
      "wf": 18,
      "kD": 1,
      "ph": 3,
      "wg": 0,
      "VF": 0,
      "wh": 2,
      "wo": 0,
      "wu": 0,
      "wv": 0,
      "wn": 0,
      "VE": 0,
      "p2": 3,
      "wj": 0,
      "F": 1,
      "op": 0
    },
    {
      "縣市": "臺南市",
      "E": 55,
      "G": 125,
      "H": 383,
      "L": 9460,
      "M": 48,
      "VD": 0,
      "Y": 69,
      "a": 888,
      "b": 11797,
      "c": 12044,
      "d": 12666,
      "h": 4348,
      "i": 574,
      "n": 3463,
      "o": 201,
      "o1": 21,
      "o2": 102,
      "ob": 29,
      "od": 1776,
      "oh": 29,
      "p": 0,
      "p1": 0,
      "pb": 0,
      "r": 0,
      "s": 3331,
      "wb": 4,
      "y": 5473,
      "z": 1013,
      "Gp": 0,
      "wd": 882,
      "wi": 0,
      "wp": 0,
      "x": 483,
      "VG": 0,
      "kp": 0,
      "m0": 0,
      "m1": 0,
      "pd": 2121,
      "t": 9,
      "wf": 1,
      "kD": 1599,
      "ph": 0,
      "wg": 0,
      "VF": 0,
      "wh": 1,
      "wo": 0,
      "wu": 0,
      "wv": 0,
      "wn": 0,
      "VE": 0,
      "p2": 0,
      "wj": 0,
      "F": 5,
      "op": 0
    },
    {
      "縣市": "臺東縣",
      "E": 187,
      "G": 16,
      "H": 22,
      "L": 3697,
      "M": 419,
      "VD": 0,
      "Y": 3,
      "a": 360,
      "b": 3918,
      "c": 4052,
      "d": 4676,
      "h": 454,
      "i": 41,
      "n": 1506,
      "o": 23,
      "o1": 0,
      "o2": 33,
      "ob": 7,
      "od": 21,
      "oh": 12,
      "p": 19,
      "p1": 126,
      "pb": 7,
      "r": 0,
      "s": 3065,
      "wb": 0,
      "y": 818,
      "z": 73,
      "Gp": 1,
      "wd": 0,
      "wi": 0,
      "wp": 0,
      "x": 0,
      "VG": 2,
      "kp": 0,
      "m0": 1,
      "m1": 1,
      "pd": 2,
      "t": 552,
      "wf": 0,
      "kD": 0,
      "ph": 9,
      "wg": 0,
      "VF": 71,
      "wh": 0,
      "wo": 0,
      "wu": 0,
      "wv": 408,
      "wn": 1,
      "VE": 38,
      "p2": 0,
      "wj": 0,
      "F": 0,
      "op": 0
    },
    {
      "縣市": "花蓮縣",
      "E": 37,
      "G": 8,
      "H": 30,
      "L": 3249,
      "M": 366,
      "VD": 0,
      "Y": 5,
      "a": 312,
      "b": 3818,
      "c": 3992,
      "d": 4159,
      "h": 751,
      "i": 74,
      "n": 1234,
      "o": 71,
      "o1": 28,
      "o2": 69,
      "ob": 5,
      "od": 10,
      "oh": 42,
      "p": 27,
      "p1": 62,
      "pb": 1,
      "r": 0,
      "s": 2586,
      "wb": 0,
      "y": 1171,
      "z": 174,
      "Gp": 1,
      "wd": 0,
      "wi": 0,
      "wp": 0,
      "x": 0,
      "VG": 905,
      "kp": 0,
      "m0": 0,
      "m1": 0,
      "pd": 2,
      "t": 57,
      "wf": 2,
      "kD": 0,
      "ph": 31,
      "wg": 0,
      "VF": 3,
      "wh": 4,
      "wo": 0,
      "wu": 346,
      "wv": 0,
      "wn": 0,
      "VE": 0,
      "p2": 14,
      "wj": 0,
      "F": 0,
      "op": 0
    },
    {
      "縣市": "苗栗縣",
      "E": 3,
      "G": 4,
      "H": 25,
      "L": 4082,
      "M": 63,
      "VD": 0,
      "Y": 3,
      "a": 432,
      "b": 5370,
      "c": 5629,
      "d": 5853,
      "h": 1796,
      "i": 152,
      "n": 1532,
      "o": 96,
      "o1": 11,
      "o2": 94,
      "ob": 34,
      "od": 10,
      "oh": 21,
      "p": 4,
      "p1": 0,
      "pb": 1,
      "r": 0,
      "s": 2304,
      "wb": 0,
      "y": 2349,
      "z": 329,
      "Gp": 0,
      "wd": 0,
      "wi": 0,
      "wp": 0,
      "x": 0,
      "VG": 4,
      "kp": 1,
      "m0": 0,
      "m1": 0,
      "pd": 0,
      "t": 24,
      "wf": 0,
      "kD": 0,
      "ph": 4,
      "wg": 0,
      "VF": 0,
      "wh": 0,
      "wo": 0,
      "wu": 0,
      "wv": 0,
      "wn": 0,
      "VE": 0,
      "p2": 0,
      "wj": 0,
      "F": 0,
      "op": 0
    },
    {
      "縣市": "連江縣",
      "E": 192,
      "G": 0,
      "H": 3,
      "L": 342,
      "M": 12,
      "VD": 0,
      "Y": 0,
      "a": 12,
      "b": 537,
      "c": 460,
      "d": 595,
      "h": 49,
      "i": 0,
      "n": 162,
      "o": 2,
      "o1": 0,
      "o2": 5,
      "ob": 0,
      "od": 0,
      "oh": 2,
      "p": 1,
      "p1": 0,
      "pb": 0,
      "r": 0,
      "s": 92,
      "wb": 0,
      "y": 124,
      "z": 2,
      "Gp": 0,
      "wd": 0,
      "wi": 0,
      "wp": 0,
      "x": 0,
      "VG": 0,
      "kp": 0,
      "m0": 0,
      "m1": 0,
      "pd": 0,
      "t": 0,
      "wf": 0,
      "kD": 0,
      "ph": 0,
      "wg": 0,
      "VF": 0,
      "wh": 0,
      "wo": 0,
      "wu": 0,
      "wv": 0,
      "wn": 0,
      "VE": 0,
      "p2": 0,
      "wj": 0,
      "F": 0,
      "op": 0
    },
    {
      "縣市": "金門縣",
      "E": 288,
      "G": 2,
      "H": 13,
      "L": 807,
      "M": 12,
      "VD": 0,
      "Y": 0,
      "a": 76,
      "b": 1520,
      "c": 1352,
      "d": 1580,
      "h": 466,
      "i": 40,
      "n": 385,
      "o": 12,
      "o1": 1,
      "o2": 26,
      "ob": 13,
      "od": 1,
      "oh": 0,
      "p": 0,
      "p1": 0,
      "pb": 0,
      "r": 0,
      "s": 655,
      "wb": 0,
      "y": 789,
      "z": 120,
      "Gp": 0,
      "wd": 0,
      "wi": 0,
      "wp": 0,
      "x": 1,
      "VG": 3,
      "kp": 0,
      "m0": 0,
      "m1": 0,
      "pd": 0,
      "t": 0,
      "wf": 0,
      "kD": 0,
      "ph": 0,
      "wg": 0,
      "VF": 0,
      "wh": 0,
      "wo": 0,
      "wu": 0,
      "wv": 0,
      "wn": 0,
      "VE": 0,
      "p2": 0,
      "wj": 0,
      "F": 0,
      "op": 0
    },
    {
      "縣市": "雲林縣",
      "E": 75,
      "G": 10,
      "H": 43,
      "L": 5365,
      "M": 14,
      "VD": 0,
      "Y": 3,
      "a": 480,
      "b": 6454,
      "c": 6613,
      "d": 6948,
      "h": 1501,
      "i": 114,
      "n": 1878,
      "o": 89,
      "o1": 1,
      "o2": 145,
      "ob": 21,
      "od": 26,
      "oh": 12,
      "p": 0,
      "p1": 0,
      "pb": 2,
      "r": 0,
      "s": 1458,
      "wb": 1,
      "y": 2586,
      "z": 233,
      "Gp": 480,
      "wd": 0,
      "wi": 2,
      "wp": 907,
      "x": 0,
      "VG": 0,
      "kp": 480,
      "m0": 0,
      "m1": 0,
      "pd": 0,
      "t": 12,
      "wf": 1,
      "kD": 2,
      "ph": 0,
      "wg": 0,
      "VF": 0,
      "wh": 0,
      "wo": 0,
      "wu": 0,
      "wv": 0,
      "wn": 0,
      "VE": 0,
      "p2": 0,
      "wj": 0,
      "F": 0,
      "op": 204
    },
    {
      "縣市": "高雄市",
      "E": 448,
      "G": 12931,
      "H": 1824,
      "L": 10204,
      "M": 449,
      "VD": 0,
      "Y": 152,
      "a": 912,
      "b": 12200,
      "c": 12198,
      "d": 12752,
      "h": 5177,
      "i": 816,
      "n": 3607,
      "o": 299,
      "o1": 11,
      "o2": 222,
      "ob": 46,
      "od": 339,
      "oh": 47,
      "p": 1,
      "p1": 3,
      "pb": 1,
      "r": 0,
      "s": 5527,
      "wb": 1,
      "y": 5750,
      "z": 1477,
      "Gp": 6,
      "wd": 9,
      "wi": 0,
      "wp": 1,
      "x": 1,
      "VG": 6,
      "kp": 3,
      "m0": 0,
      "m1": 2,
      "pd": 1,
      "t": 24,
      "wf": 3,
      "kD": 6,
      "ph": 1,
      "wg": 0,
      "VF": 0,
      "wh": 5,
      "wo": 0,
      "wu": 2,
      "wv": 0,
      "wn": 1,
      "VE": 0,
      "p2": 0,
      "wj": 0,
      "F": 7,
      "op": 0
    }
  ]
}
