{
  "description": ["Top 10 variables correlated with 補助金額"],
  "operations": ["cor(), sort(), enframe()"],
  "summary": [
    {
      "variable": "補助金額",
      "correlation_with_補助金額": 1
    },
    {
      "variable": "補助人數",
      "correlation_with_補助金額": 0.9948
    },
    {
      "variable": "性別（男1女2）",
      "correlation_with_補助金額": 0.0054
    },
    {
      "variable": "保費年月",
      "correlation_with_補助金額": 0.0014
    }
  ]
}
